name,salary_from,salary_to,salary_currency,area_name,published_at
Стажёр 2D-художник персонажей,15000,30000,RUR,Санкт-Петербург,2022-12-26T02:19:59+0300
HTML-верстальщик (Новосибирск),40000,,RUR,Новосибирск,2022-12-26T05:22:33+0300
Линейный механик,130000,190000,RUR,Хабаровск,2022-12-26T03:47:17+0300
Главный специалист (Пресс-служба),70000,,RUR,Омск,2022-12-26T05:22:17+0300
Дизайнер,,34500,KGS,Бишкек,2022-12-26T05:27:22+0300
Механик,,,,Магадан,2022-12-26T02:29:04+0300
Аналитик данных,,,,Владивосток,2022-12-26T01:49:29+0300
Руководитель службы эксплуатации ЦОД (релокация),180000,,RUR,Иркутск,2022-12-26T03:28:49+0300
Графический дизайнер,30000,35000,RUR,Кемерово,2022-12-26T05:48:18+0300
Главный специалист отдела информационных технологий и связи,,,,Барнаул,2022-12-26T04:07:10+0300
Инженер-механик,85000,,RUR,Красноярск,2022-12-26T05:28:53+0300
Специалист технической поддержки информационных систем,,45000,RUR,Барнаул,2022-12-26T05:49:01+0300
Сервисный инженер,150000,,RUR,Москва,2022-12-26T03:23:29+0300
Дизайнер,,,,Новосибирск,2022-12-26T04:17:13+0300
Дизайнер - Менеджер стройки,100000,,RUR,Москва,2022-12-26T01:31:43+0300
Дизайнер,50000,55000,RUR,Владивосток,2022-12-26T03:10:43+0300
Специалист по проведению общих собраний собственников в сфере ЖКХ,50000,120000,RUR,Зеленоград,2022-12-26T00:55:32+0300
Специалист-аналитик,50000,50000,RUR,Красноярск,2022-12-26T05:47:22+0300
Продуктовый аналитик,80000,,RUR,Новосибирск,2022-12-26T05:33:13+0300
Junior project manager в web-студию,45000,70000,RUR,Москва,2022-12-26T05:07:13+0300
Системный администратор,,,,Новосибирск,2022-12-26T05:36:15+0300
Инженер по защите информации (с допуском к Гостайне),40000,60000,RUR,Барнаул,2022-12-26T04:58:06+0300
Дизайнер-иллюстратор,40000,,RUR,Красноярск,2022-12-26T04:52:19+0300
Инженер по защите информации (Отдел системной интеграции),40000,60000,RUR,Барнаул,2022-12-26T05:22:26+0300
Системный администратор,75000,95000,RUR,Новосибирск,2022-12-26T05:59:27+0300
Менеджер строительного проекта,,,,Хабаровск,2022-12-26T05:27:20+0300
Инженер поддержки бизнес-приложений (стажер),,,,Москва,2022-12-26T02:27:09+0300
Оператор станков с ЧПУ,50000,,RUR,Омск,2022-12-26T05:40:18+0300
Product Designer / Продуктовый дизайнер / UI дизайнер (удаленно),200000,300000,RUR,Москва,2022-12-26T02:03:01+0300
SQL-разработчик,140000,,RUR,Новосибирск,2022-12-26T05:37:38+0300
Копирайтер,50000,50000,RUR,Владивосток,2022-12-26T02:03:51+0300
Журналист-редактор,,50000,RUR,Санкт-Петербург,2022-12-26T00:07:53+0300
Руководитель проектов,40000,,RUR,Биробиджан,2022-12-26T03:31:07+0300
React - разработчик | React Developer в продукт,,,,Санкт-Петербург,2022-12-26T04:37:56+0300
Продуктовый аналитик,80000,,RUR,Томск,2022-12-26T05:33:15+0300
Ученик токаря,15000,,RUR,Омск,2022-12-26T05:42:24+0300
Инженер-программист,,,,Москва,2022-12-26T05:41:19+0300
Дизайнер,60000,60000,RUR,Владивосток,2022-12-26T02:03:52+0300
Менеджер проекта,,,,Москва,2022-12-26T02:07:12+0300
Инженер-электронщик,80000,80000,RUR,Санкт-Петербург,2022-12-26T00:24:32+0300
DevOps / Системный администратор,40000,,RUR,Волгоград,2022-12-26T04:13:32+0300
Механик,,,,Белгород,2022-12-26T00:15:00+0300
Менеджер группы по операционной эффективности и цифровизации,,,,Междуреченск,2022-12-26T04:50:34+0300
Системный администратор,55000,,RUR,Барнаул,2022-12-26T05:41:45+0300
Менеджер строительного проекта,,,,Владивосток,2022-12-26T05:27:20+0300
Product manager / Продакт менеджер,150000,250000,RUR,Москва,2022-12-26T01:43:58+0300
Сетевой администратор,60000,,RUR,Владивосток,2022-12-26T04:33:18+0300
Программист-разработчик 1С,50000,60000,RUR,Прокопьевск,2022-12-26T03:10:42+0300
Бизнес-аналитик,,,,Москва,2022-12-26T02:27:06+0300
Менеджер по развитию программ лояльности,,,,Москва,2022-12-26T01:44:03+0300
Frontend-разработчик,100000,120000,RUR,Красноярск,2022-12-26T05:10:53+0300
Дизайнер,,75000,RUR,Новосибирск,2022-12-26T05:23:24+0300
Дизайнер/Графический дизайнер/Графический (web) дизайнер,35000,50000,RUR,Саранск,2022-12-26T00:27:56+0300
Эксперт 1 линии SOC,80000,,RUR,Новосибирск,2022-12-26T04:59:26+0300
Контролёр технического состояния транспортных средств,45000,45000,RUR,Новосибирск,2022-12-26T05:23:42+0300
"Монтажник слаботочных систем (охранно-пожарная сигнализация, видеонаблюдение, г.Темиртау)",250000,250000,KZT,Темиртау,2022-12-26T05:03:54+0300
Системный администратор,50000,,RUR,Новосибирск,2022-12-26T05:24:50+0300
Сервис-инженер промышленного оборудования,,,,Иркутск,2022-12-26T04:08:12+0300
Главный механик (Хабаровск),130000,,RUR,Хабаровск,2022-12-26T03:56:01+0300
Программист Python,,,,Новосибирск,2022-12-26T05:22:23+0300
Инженер КИПиА,85000,,RUR,Иваново (Ивановская область),2022-12-26T00:39:10+0300
Системный администратор,60000,60000,RUR,Иркутск,2022-12-26T04:09:44+0300
Менеджер по продукту / Бренд менеджер,70000,130000,RUR,Москва,2022-12-26T00:53:24+0300
Контент-менеджер,45000,45000,RUR,Благовещенск (Амурская область),2022-12-26T03:11:56+0300
Монтажник-техник слаботочных систем,80000,,RUR,Якутск,2022-12-26T04:04:20+0300
Специалист службы поддержки,45000,55000,RUR,Владивосток,2022-12-26T04:17:47+0300
Аналитик,,,,Новосибирск,2022-12-26T05:33:18+0300
PHP-программист middle laravel,4000,,BYR,Минск,2022-12-26T00:15:17+0300
"Back-end разработчик - стажер (php, Java/Kotlin)",15000,30000,RUR,Минск,2022-12-26T02:03:25+0300
Техник связи,,,,Норильск,2022-12-26T05:57:03+0300
Менеджер продукта,,,,Новосибирск,2022-12-26T05:52:21+0300
Оператор станка с ЧПУ,45000,60000,RUR,Новосибирск,2022-12-26T05:37:20+0300
Специалист по мониторингу систем спутникового слежения,,,,Краснообск,2022-12-26T04:48:38+0300
Инженер по защите информации (Отдел защиты информации),40000,60000,RUR,Барнаул,2022-12-26T04:58:10+0300
Специалист аналитической службы,68000,,RUR,Благовещенск (Амурская область),2022-12-26T02:35:08+0300
Product Owner (Карточные продукты),,,,Москва,2022-12-26T01:01:17+0300
Инженер по оборудованию,55000,70000,RUR,Новосибирск,2022-12-26T05:59:19+0300
Механик на производстве,80000,,RUR,Усть-Кут,2022-12-26T04:46:07+0300
Механик на производстве,80000,,RUR,Братск,2022-12-26T04:45:32+0300
Инженер сервисной службы,40000,70000,RUR,Красноярск,2022-12-26T04:56:15+0300
Менеджер группы по операционной эффективности и цифровизации,,,,Казань,2022-12-26T04:50:38+0300
Ведущий инженер сопровождения прикладных банковских сервисов (автоматизированных систем),,,,Хабаровск,2022-12-26T02:47:57+0300
Менеджер группы по операционной эффективности и цифровизации,,,,Новокузнецк,2022-12-26T04:50:13+0300
Аккаунт-менеджер / BDM / по рекламодателям CPA / affiliate,,,,Москва,2022-12-26T05:51:32+0300
Графический дизайнер на digital-макеты,,,,Санкт-Петербург,2022-12-26T03:15:22+0300
Специалист службы технической поддержки,50000,70000,RUR,Красноярск,2022-12-26T04:10:47+0300
Механик на производстве,80000,,RUR,Усть-Илимск,2022-12-26T04:44:36+0300
Инженер по обеспечению функционирования сетей связи,35000,50000,RUR,Владивосток,2022-12-26T04:50:55+0300
Кромщик/оператор кромкооблицовочного станка,70000,80000,RUR,Люберцы,2022-12-26T00:39:09+0300
Консультант 1C,,45000,RUR,Барнаул,2022-12-26T05:49:00+0300
Специалист технической поддержки второй линии,,,,Новосибирск,2022-12-26T05:09:01+0300
Java разработчик (Middle/Senior),200000,,RUR,Новосибирск,2022-12-26T05:33:24+0300
Рабочий по обслуживанию зданий и сооружений (Амурский поселок),,,,Омск,2022-12-26T05:51:18+0300
Программист 1С,,,,Томск,2022-12-26T05:47:55+0300
Senior Product Manager,,,,Санкт-Петербург,2022-12-26T00:02:09+0300
Сервисный инженер центра инжинирингового сервиса (Мирнинский ГОК),,,,Челябинск,2022-12-26T04:53:04+0300
Оператор станков с ЧПУ,45000,70000,RUR,Новосибирск,2022-12-26T04:49:16+0300
Системный аналитик,100000,150000,RUR,Владивосток,2022-12-26T02:03:51+0300
Руководитель отдела продуктового дизайна,,,,Иркутск,2022-12-26T05:58:28+0300
Специалист технической поддержки программного обеспечения,30000,,RUR,Новосибирск,2022-12-26T04:24:28+0300
